id,class
17001,0
17002,0
17003,0
17004,0
17005,0
17006,1
17007,0
17008,0
17009,1
17010,1
17011,1
17012,0
17013,0
17014,0
17015,0
17016,0
17017,0
17018,0
17019,0
17020,0
17021,0
17022,0
17023,0
17024,0
17025,0
17026,1
17027,0
17028,0
17029,0
17030,0
17031,1
17032,0
17033,0
17034,0
17035,1
17036,0
17037,0
17038,0
17039,0
17040,1
17041,0
17042,0
17043,0
17044,0
17045,0
17046,0
17047,0
17048,0
17049,0
17050,0
17051,0
17052,1
17053,1
17054,0
17055,1
17056,0
17057,0
17058,0
17059,0
17060,1
17061,0
17062,0
17063,0
17064,0
17065,0
17066,0
17067,0
17068,0
17069,0
17070,0
17071,0
17072,0
17073,0
17074,0
17075,0
17076,0
17077,0
17078,0
17079,0
17080,0
17081,0
17082,0
17083,0
17084,0
17085,0
17086,0
17087,0
17088,0
17089,0
17090,1
17091,0
17092,0
17093,0
17094,0
17095,0
17096,0
17097,0
17098,1
17099,0
17100,1
17101,0
17102,0
17103,0
17104,0
17105,0
17106,0
17107,1
17108,0
17109,0
17110,0
17111,0
17112,1
17113,0
17114,0
17115,0
17116,0
17117,0
17118,0
17119,0
17120,0
17121,0
17122,0
17123,0
17124,0
17125,0
17126,0
17127,0
17128,0
17129,0
17130,1
17131,0
17132,0
17133,1
17134,0
17135,0
17136,0
17137,0
17138,0
17139,0
17140,0
17141,0
17142,0
17143,0
17144,0
17145,0
17146,0
17147,1
17148,0
17149,0
17150,0
17151,0
17152,0
17153,0
17154,1
17155,0
17156,0
17157,0
17158,1
17159,0
17160,0
17161,0
17162,0
17163,0
17164,0
17165,0
17166,0
17167,0
17168,1
17169,0
17170,0
17171,0
17172,0
17173,1
17174,0
17175,0
17176,0
17177,0
17178,0
17179,1
17180,0
17181,1
17182,0
17183,0
17184,1
17185,0
17186,0
17187,0
17188,0
17189,0
17190,1
17191,0
17192,0
17193,0
17194,0
17195,0
17196,0
17197,0
17198,0
17199,0
17200,0
17201,0
17202,0
17203,0
17204,0
17205,0
17206,0
17207,0
17208,1
17209,0
17210,1
17211,0
17212,0
17213,0
17214,0
17215,0
17216,0
17217,0
17218,0
17219,0
17220,0
17221,0
17222,0
17223,1
17224,1
17225,0
17226,0
17227,0
17228,0
17229,1
17230,0
17231,0
17232,0
17233,0
17234,0
17235,0
17236,0
17237,0
17238,0
17239,0
17240,0
17241,0
17242,0
17243,0
17244,0
17245,0
17246,0
17247,0
17248,0
17249,0
17250,0
17251,0
17252,0
17253,0
17254,0
17255,0
17256,1
17257,1
17258,1
17259,0
17260,0
17261,0
17262,0
17263,0
17264,1
17265,0
17266,0
17267,1
17268,0
17269,0
17270,0
17271,0
17272,0
17273,1
17274,0
17275,0
17276,0
17277,0
17278,0
17279,0
17280,0
17281,0
17282,0
17283,0
17284,0
17285,1
17286,0
17287,0
17288,0
17289,0
17290,0
17291,0
17292,0
17293,0
17294,1
17295,0
17296,1
17297,0
17298,0
17299,0
17300,0
17301,0
17302,0
17303,0
17304,1
17305,0
17306,0
17307,0
17308,1
17309,0
17310,0
17311,0
17312,0
17313,0
17314,0
17315,0
17316,0
17317,0
17318,1
17319,0
17320,0
17321,0
17322,0
17323,0
17324,0
17325,0
17326,0
17327,0
17328,0
17329,0
17330,0
17331,0
17332,0
17333,0
17334,0
17335,0
17336,1
17337,0
17338,0
17339,1
17340,0
17341,0
17342,1
17343,0
17344,1
17345,0
17346,0
17347,0
17348,0
17349,0
17350,0
17351,0
17352,0
17353,0
17354,0
17355,0
17356,1
17357,0
17358,0
17359,0
17360,0
17361,0
17362,0
17363,0
17364,0
17365,0
17366,0
17367,1
17368,0
17369,1
17370,0
17371,0
17372,1
17373,1
17374,1
17375,1
17376,0
17377,0
17378,0
17379,1
17380,0
17381,0
17382,0
17383,1
17384,0
17385,0
17386,0
17387,0
17388,0
17389,1
17390,1
17391,0
17392,0
17393,1
17394,0
17395,0
17396,0
17397,0
17398,1
17399,0
17400,0
17401,0
17402,0
17403,0
17404,0
17405,0
17406,1
17407,0
17408,0
17409,0
17410,0
17411,1
17412,1
17413,0
17414,0
17415,1
17416,1
17417,0
17418,0
17419,1
17420,1
17421,0
17422,0
17423,1
17424,0
17425,0
17426,0
17427,1
17428,0
17429,0
17430,0
17431,0
17432,0
17433,0
17434,0
17435,1
17436,0
17437,0
17438,0
17439,0
17440,0
17441,0
17442,0
17443,0
17444,0
17445,1
17446,0
17447,0
17448,0
17449,0
17450,0
17451,1
17452,0
17453,0
17454,0
17455,0
17456,0
17457,0
17458,0
17459,0
17460,0
17461,0
17462,0
17463,0
17464,0
17465,0
17466,0
17467,0
17468,0
17469,0
17470,1
17471,0
17472,1
17473,0
17474,0
17475,1
17476,0
17477,0
17478,0
17479,1
17480,0
17481,0
17482,0
17483,0
17484,0
17485,0
17486,1
17487,0
17488,0
17489,0
17490,0
17491,0
17492,0
17493,0
17494,1
17495,0
17496,0
17497,0
17498,0
17499,1
17500,0
17501,0
17502,1
17503,0
17504,1
17505,0
17506,0
17507,0
17508,0
17509,0
17510,0
17511,0
17512,0
17513,0
17514,0
17515,0
17516,0
17517,0
17518,1
17519,0
17520,1
17521,0
17522,0
17523,0
17524,1
17525,0
17526,0
17527,0
17528,0
17529,0
17530,0
17531,0
17532,0
17533,1
17534,0
17535,0
17536,1
17537,0
17538,0
17539,0
17540,0
17541,1
17542,0
17543,0
17544,1
17545,0
17546,0
17547,0
17548,0
17549,1
17550,0
17551,0
17552,0
17553,0
17554,0
17555,0
17556,0
17557,0
17558,1
17559,0
17560,0
17561,0
17562,0
17563,0
17564,0
17565,1
17566,0
17567,0
17568,0
17569,0
17570,0
17571,0
17572,1
17573,0
17574,0
17575,0
17576,0
17577,0
17578,0
17579,1
17580,0
17581,0
17582,0
17583,0
17584,0
17585,0
17586,0
17587,0
17588,1
17589,0
17590,0
17591,0
17592,0
17593,1
17594,0
17595,0
17596,0
17597,1
17598,0
17599,0
17600,0
17601,0
17602,0
17603,0
17604,0
17605,0
17606,0
17607,0
17608,0
17609,0
17610,0
17611,0
17612,0
17613,0
17614,0
17615,0
17616,0
17617,0
17618,1
17619,0
17620,0
17621,0
17622,0
17623,0
17624,0
17625,1
17626,0
17627,0
17628,0
17629,0
17630,1
17631,0
17632,0
17633,0
17634,0
17635,0
17636,0
17637,0
17638,1
17639,0
17640,0
17641,0
17642,1
17643,0
17644,0
17645,0
17646,0
17647,1
17648,0
17649,0
17650,0
17651,1
17652,0
17653,0
17654,0
17655,0
17656,0
17657,0
17658,0
17659,1
17660,0
17661,0
17662,0
17663,0
17664,0
17665,0
17666,0
17667,0
17668,0
17669,1
17670,0
17671,1
17672,0
17673,0
17674,0
17675,0
17676,0
17677,0
17678,0
17679,0
17680,0
17681,0
17682,0
17683,0
17684,0
17685,0
17686,0
17687,0
17688,0
17689,0
17690,0
17691,0
17692,0
17693,0
17694,0
17695,0
17696,1
17697,1
17698,0
17699,0
17700,0
17701,0
17702,0
17703,0
17704,1
17705,0
17706,0
17707,1
17708,0
17709,0
17710,0
17711,1
17712,0
17713,0
17714,0
17715,0
17716,0
17717,0
17718,1
17719,0
17720,1
17721,1
17722,0
17723,0
17724,0
17725,0
17726,0
17727,0
17728,0
17729,0
17730,0
17731,0
17732,0
17733,0
17734,0
17735,0
17736,0
17737,0
17738,0
17739,0
17740,0
17741,0
17742,0
17743,0
17744,0
17745,0
17746,0
17747,0
17748,1
17749,0
17750,1
17751,1
17752,0
17753,0
17754,0
17755,1
17756,0
17757,0
17758,0
17759,0
17760,0
17761,0
17762,0
17763,0
17764,0
17765,0
17766,0
17767,0
17768,0
17769,0
17770,0
17771,0
17772,0
17773,1
17774,1
17775,1
17776,0
17777,0
17778,0
17779,0
17780,0
17781,0
17782,0
17783,0
17784,0
17785,0
17786,1
17787,0
17788,1
17789,0
17790,0
17791,1
17792,0
17793,0
17794,0
17795,0
17796,0
17797,0
17798,0
17799,0
17800,0
17801,0
17802,0
17803,0
17804,0
17805,0
17806,0
17807,0
17808,0
17809,0
17810,0
17811,0
17812,0
17813,0
17814,0
17815,1
17816,0
17817,1
17818,0
17819,0
17820,0
17821,0
17822,0
17823,0
17824,0
17825,0
17826,1
17827,0
17828,0
17829,0
17830,0
17831,0
17832,0
17833,0
17834,0
17835,0
17836,0
17837,0
17838,0
17839,0
17840,0
17841,0
17842,1
17843,0
17844,0
17845,0
17846,0
17847,0
17848,0
17849,1
17850,0
17851,1
17852,0
17853,0
17854,1
17855,0
17856,0
17857,0
17858,0
17859,0
17860,0
17861,0
17862,0
17863,0
17864,0
17865,0
17866,0
17867,0
17868,0
17869,0
17870,1
17871,0
17872,0
17873,0
17874,0
17875,1
17876,0
17877,0
17878,0
17879,0
17880,0
17881,0
17882,0
17883,0
17884,0
17885,0
17886,1
17887,1
17888,1
17889,0
17890,0
17891,0
17892,0
17893,0
17894,0
17895,0
17896,0
17897,0
17898,0
17899,0
17900,1
17901,1
17902,0
17903,0
17904,0
17905,0
17906,0
17907,0
17908,0
17909,0
17910,0
17911,0
17912,0
17913,0
17914,0
17915,0
17916,1
17917,0
17918,0
17919,0
17920,1
17921,0
17922,0
17923,1
17924,0
17925,0
17926,1
17927,1
17928,0
17929,0
17930,0
17931,0
17932,1
17933,0
17934,0
17935,1
17936,0
17937,0
17938,0
17939,0
17940,0
17941,0
17942,0
17943,0
17944,0
17945,0
17946,0
17947,0
17948,0
17949,0
17950,0
17951,0
17952,0
17953,0
17954,0
17955,0
17956,1
17957,0
17958,0
17959,0
17960,0
17961,1
17962,1
17963,0
17964,0
17965,0
17966,1
17967,0
17968,0
17969,1
17970,0
17971,0
17972,0
17973,0
17974,0
17975,0
17976,0
17977,0
17978,0
17979,0
17980,0
17981,0
17982,0
17983,0
17984,0
17985,0
17986,0
17987,0
17988,0
17989,0
17990,0
17991,0
17992,1
17993,0
17994,0
17995,0
17996,1
17997,0
17998,0
17999,0
18000,0
18001,0
18002,0
18003,0
18004,1
18005,0
18006,0
18007,1
18008,0
18009,1
18010,0
18011,0
18012,0
18013,0
18014,0
18015,0
18016,0
18017,0
18018,0
18019,1
18020,0
18021,0
18022,0
18023,0
18024,0
18025,0
18026,0
18027,1
18028,0
18029,0
18030,0
18031,0
18032,0
18033,0
18034,0
18035,0
18036,0
18037,0
18038,0
18039,0
18040,0
18041,1
18042,0
18043,0
18044,0
18045,0
18046,0
18047,0
18048,0
18049,0
18050,0
18051,0
18052,1
18053,0
18054,1
18055,1
18056,0
18057,0
18058,0
18059,0
18060,0
18061,0
18062,0
18063,0
18064,0
18065,0
18066,0
18067,0
18068,0
18069,0
18070,0
18071,0
18072,1
18073,0
18074,0
18075,0
18076,0
18077,0
18078,0
18079,1
18080,1
18081,0
18082,0
18083,1
18084,0
18085,0
18086,0
18087,0
18088,1
18089,0
18090,0
18091,1
18092,0
18093,1
18094,1
18095,0
18096,0
18097,0
18098,1
18099,0
18100,0
18101,0
18102,0
18103,0
18104,0
18105,0
18106,1
18107,1
18108,0
18109,1
18110,0
18111,0
18112,0
18113,0
18114,0
18115,0
18116,0
18117,0
18118,0
18119,0
18120,0
18121,0
18122,0
18123,0
18124,1
18125,0
18126,0
18127,1
18128,0
18129,0
18130,1
18131,0
18132,0
18133,0
18134,0
18135,0
18136,1
18137,0
18138,0
18139,0
18140,0
18141,0
18142,0
18143,0
18144,0
18145,0
18146,1
18147,0
18148,0
18149,0
18150,0
18151,0
18152,0
18153,0
18154,0
18155,0
18156,0
18157,0
18158,0
18159,0
18160,0
18161,0
18162,0
18163,0
18164,1
18165,0
18166,0
18167,0
18168,0
18169,0
18170,1
18171,0
18172,0
18173,1
18174,1
18175,0
18176,1
18177,1
18178,0
18179,0
18180,0
18181,0
18182,0
18183,1
18184,0
18185,0
18186,0
18187,0
18188,0
18189,0
18190,0
18191,0
18192,0
18193,0
18194,1
18195,0
18196,1
18197,0
18198,0
18199,0
18200,0
18201,0
18202,0
18203,0
18204,1
18205,0
18206,0
18207,0
18208,0
18209,0
18210,0
18211,0
18212,0
18213,1
18214,1
18215,0
18216,0
18217,0
18218,0
18219,0
18220,0
18221,0
18222,0
18223,0
18224,0
18225,0
18226,0
18227,0
18228,0
18229,0
18230,1
18231,0
18232,0
18233,0
18234,0
18235,0
18236,0
18237,0
18238,0
18239,0
18240,1
18241,0
18242,0
18243,0
18244,0
18245,1
18246,1
18247,0
18248,0
18249,0
18250,1
18251,0
18252,0
18253,1
18254,0
18255,0
18256,0
18257,1
18258,1
18259,0
18260,0
18261,0
18262,0
18263,0
18264,0
18265,0
18266,0
18267,0
18268,0
18269,1
18270,0
18271,0
18272,0
18273,0
18274,0
18275,1
18276,0
18277,0
18278,0
18279,0
18280,0
18281,0
18282,0
18283,0
18284,0
18285,0
18286,0
18287,1
18288,0
18289,0
18290,0
18291,0
18292,0
18293,1
18294,0
18295,0
18296,0
18297,0
18298,0
18299,1
18300,0
18301,0
18302,0
18303,1
18304,0
18305,0
18306,0
18307,0
18308,0
18309,0
18310,0
18311,0
18312,0
18313,1
18314,0
18315,1
18316,1
18317,0
18318,0
18319,0
18320,0
18321,1
18322,1
18323,0
18324,0
18325,0
18326,0
18327,0
18328,0
18329,0
18330,0
18331,0
18332,0
18333,0
18334,1
18335,0
18336,1
18337,0
18338,0
18339,1
18340,0
18341,0
18342,0
18343,0
18344,0
18345,0
18346,1
18347,0
18348,1
18349,0
18350,0
18351,0
18352,0
18353,1
18354,0
18355,0
18356,0
18357,1
18358,0
18359,0
18360,0
18361,0
18362,0
18363,0
18364,0
18365,0
18366,0
18367,0
18368,0
18369,0
18370,0
18371,1
18372,0
18373,0
18374,0
18375,0
18376,0
18377,0
18378,0
18379,0
18380,0
18381,0
18382,0
18383,0
18384,1
18385,0
18386,0
18387,0
18388,0
18389,0
18390,0
18391,0
18392,1
18393,0
18394,0
18395,0
18396,0
18397,0
18398,0
18399,0
18400,0
18401,0
18402,0
18403,1
18404,0
18405,0
18406,0
18407,0
18408,1
18409,1
18410,0
18411,0
18412,1
18413,0
18414,0
18415,1
18416,0
18417,0
18418,0
18419,0
18420,0
18421,0
18422,0
18423,0
18424,0
18425,1
18426,0
18427,0
18428,0
18429,0
18430,1
18431,0
18432,0
18433,1
18434,0
18435,0
18436,0
18437,0
18438,0
18439,0
18440,1
18441,0
18442,0
18443,0
18444,1
18445,1
18446,0
18447,1
18448,0
18449,0
18450,1
18451,0
18452,0
18453,0
18454,0
18455,0
18456,0
18457,0
18458,0
18459,1
18460,0
18461,0
18462,0
18463,0
18464,0
18465,1
18466,0
18467,1
18468,0
18469,0
18470,1
18471,0
18472,0
18473,0
18474,0
18475,0
18476,0
18477,0
18478,0
18479,0
18480,1
18481,0
18482,0
18483,0
18484,0
18485,0
18486,0
18487,0
18488,0
18489,0
18490,0
18491,0
18492,0
18493,0
18494,1
18495,1
18496,0
18497,0
18498,0
18499,0
18500,0
18501,0
18502,0
18503,0
18504,0
18505,0
18506,0
18507,0
18508,0
18509,1
18510,0
18511,0
18512,0
18513,0
18514,0
18515,0
18516,1
18517,0
18518,0
18519,0
18520,0
18521,0
18522,1
18523,0
18524,0
18525,1
18526,0
18527,0
18528,1
18529,0
18530,0
18531,0
18532,0
18533,0
18534,0
18535,0
18536,0
18537,0
18538,0
18539,0
18540,0
18541,0
18542,0
18543,0
18544,0
18545,0
18546,0
18547,0
18548,0
18549,0
18550,0
18551,1
18552,1
18553,0
18554,0
18555,0
18556,0
18557,0
18558,0
18559,0
18560,0
18561,0
18562,0
18563,0
18564,0
18565,0
18566,0
18567,0
18568,1
18569,0
18570,0
18571,0
18572,0
18573,1
18574,0
18575,0
18576,0
18577,0
18578,0
18579,0
18580,0
18581,0
18582,0
18583,1
18584,0
18585,0
18586,0
18587,1
18588,0
18589,0
18590,0
18591,0
18592,0
18593,0
18594,0
18595,0
18596,0
18597,0
18598,0
18599,0
18600,0
18601,0
18602,0
18603,0
18604,0
18605,1
18606,0
18607,0
18608,1
18609,0
18610,0
18611,0
18612,0
18613,0
18614,0
18615,0
18616,0
18617,0
18618,1
18619,0
18620,0
18621,1
18622,0
18623,0
18624,0
18625,0
18626,0
18627,0
18628,0
18629,0
18630,0
18631,0
18632,0
18633,0
18634,1
18635,0
18636,0
18637,1
18638,0
18639,0
18640,0
18641,0
18642,0
18643,0
18644,0
18645,0
18646,0
18647,0
18648,1
18649,0
18650,0
18651,0
18652,0
18653,0
18654,0
18655,0
18656,1
18657,0
18658,0
18659,0
18660,0
18661,1
18662,0
18663,1
18664,0
18665,0
18666,0
18667,1
18668,1
18669,1
18670,0
18671,1
18672,1
18673,1
18674,0
18675,0
18676,0
18677,0
18678,0
18679,0
18680,0
18681,0
18682,0
18683,0
18684,0
18685,0
18686,0
18687,0
18688,0
18689,0
18690,0
18691,0
18692,0
18693,0
18694,0
18695,0
18696,0
18697,0
18698,0
18699,1
18700,0
18701,0
18702,0
18703,0
18704,1
18705,0
18706,0
18707,0
18708,0
18709,1
18710,0
18711,1
18712,0
18713,0
18714,0
18715,0
18716,0
18717,0
18718,0
18719,0
18720,1
18721,0
18722,0
18723,0
18724,0
18725,0
18726,0
18727,0
18728,0
18729,0
18730,0
18731,0
18732,0
18733,0
18734,0
18735,0
18736,0
18737,0
18738,0
18739,0
18740,1
18741,0
18742,0
18743,0
18744,0
18745,0
18746,1
18747,0
18748,0
18749,1
18750,0
18751,1
18752,0
18753,1
18754,0
18755,0
18756,0
18757,0
18758,0
18759,0
18760,0
18761,0
18762,0
18763,0
18764,0
18765,0
18766,0
18767,0
18768,0
18769,0
18770,0
18771,0
18772,1
18773,1
18774,0
18775,0
18776,0
18777,0
18778,0
18779,0
18780,0
18781,0
18782,0
18783,0
18784,0
18785,0
18786,0
18787,0
18788,0
18789,0
18790,0
18791,0
18792,1
18793,1
18794,0
18795,0
18796,0
18797,0
18798,1
18799,0
18800,0
18801,0
18802,0
18803,0
18804,0
18805,1
18806,0
18807,0
18808,0
18809,0
18810,0
18811,0
18812,0
18813,0
18814,0
18815,0
18816,0
18817,0
18818,0
18819,0
18820,0
18821,0
18822,0
18823,0
18824,1
18825,0
18826,0
18827,0
18828,1
18829,0
18830,0
18831,0
18832,0
18833,0
18834,0
18835,1
18836,1
18837,0
18838,0
18839,0
18840,0
18841,0
18842,0
18843,1
18844,0
18845,0
18846,0
18847,0
18848,0
18849,0
18850,0
18851,0
18852,0
18853,0
18854,0
18855,0
18856,0
18857,0
18858,0
18859,0
18860,0
18861,1
18862,1
18863,0
18864,0
18865,0
18866,1
18867,1
18868,0
18869,1
18870,0
18871,0
18872,0
18873,0
18874,0
18875,0
18876,0
18877,0
18878,1
18879,0
18880,1
18881,0
18882,1
18883,0
18884,0
18885,0
18886,0
18887,0
18888,0
18889,0
18890,0
18891,0
18892,0
18893,0
18894,0
18895,0
18896,0
18897,1
18898,0
18899,0
18900,0
18901,0
18902,0
18903,0
18904,0
18905,0
18906,0
18907,0
18908,1
18909,1
18910,0
18911,0
18912,0
18913,1
18914,0
18915,0
18916,1
18917,0
18918,0
18919,0
18920,0
18921,0
18922,0
18923,0
18924,0
18925,0
18926,0
18927,1
18928,0
18929,0
18930,0
18931,1
18932,0
18933,0
18934,0
18935,0
18936,1
18937,1
18938,0
18939,1
18940,0
18941,1
18942,0
18943,0
18944,1
18945,0
18946,0
18947,0
18948,0
18949,0
18950,0
18951,1
18952,0
18953,0
18954,0
18955,0
18956,0
18957,0
18958,0
18959,0
18960,1
18961,0
18962,0
18963,0
18964,1
18965,0
18966,1
18967,0
18968,0
18969,0
18970,0
18971,0
18972,0
18973,0
18974,0
18975,0
18976,0
18977,0
18978,0
18979,0
18980,0
18981,0
18982,1
18983,0
18984,0
18985,0
18986,0
18987,0
18988,0
18989,0
18990,0
18991,0
18992,0
18993,1
18994,0
18995,0
18996,0
18997,1
18998,0
18999,0
19000,0
19001,1
19002,0
19003,0
19004,0
19005,0
19006,1
19007,0
19008,1
19009,1
19010,0
19011,0
19012,0
19013,0
19014,0
19015,0
19016,0
19017,0
19018,0
19019,0
19020,0
19021,0
19022,0
19023,1
19024,0
19025,0
19026,0
19027,0
19028,0
19029,0
19030,0
19031,0
19032,0
19033,0
19034,0
19035,1
19036,0
19037,0
19038,0
19039,0
19040,0
19041,0
19042,0
19043,1
19044,0
19045,0
19046,0
19047,0
19048,0
19049,0
19050,0
19051,1
19052,0
19053,0
19054,1
19055,0
19056,0
19057,0
19058,0
19059,0
19060,0
19061,0
19062,0
19063,0
19064,1
19065,0
19066,1
19067,0
19068,0
19069,1
19070,1
19071,1
19072,0
19073,0
19074,0
19075,0
19076,1
19077,1
19078,0
19079,0
19080,0
19081,0
19082,0
19083,0
19084,0
19085,0
19086,0
19087,0
19088,0
19089,0
19090,0
19091,0
19092,0
19093,0
19094,0
19095,1
19096,0
19097,0
19098,0
19099,0
19100,0
19101,0
19102,0
19103,1
19104,0
19105,0
19106,0
19107,1
19108,1
19109,1
19110,0
19111,0
19112,0
19113,1
19114,0
19115,0
19116,1
19117,0
19118,0
19119,0
19120,0
19121,0
19122,0
19123,0
19124,1
19125,0
19126,1
19127,0
19128,0
19129,1
19130,0
19131,0
19132,0
19133,0
19134,0
19135,0
19136,0
19137,0
19138,0
19139,0
19140,0
19141,1
19142,0
19143,1
19144,0
19145,1
19146,0
19147,0
19148,0
19149,1
19150,0
19151,0
19152,0
19153,1
19154,0
19155,1
19156,0
19157,0
19158,0
19159,0
19160,0
19161,1
19162,0
19163,0
19164,0
19165,0
19166,0
19167,0
19168,0
19169,0
19170,0
19171,0
19172,0
19173,0
19174,1
19175,0
19176,0
19177,0
19178,0
19179,0
19180,0
19181,0
19182,0
19183,0
19184,0
19185,0
19186,0
19187,1
19188,0
19189,0
19190,0
19191,0
19192,0
19193,1
19194,0
19195,0
19196,0
19197,0
19198,0
19199,0
19200,0
19201,0
19202,0
19203,0
19204,1
19205,0
19206,0
19207,0
19208,0
19209,0
19210,1
19211,0
19212,0
19213,1
19214,0
19215,0
19216,0
19217,0
19218,0
19219,0
19220,0
19221,1
19222,0
19223,0
19224,0
19225,0
19226,0
19227,0
19228,0
19229,1
19230,0
19231,0
19232,0
19233,0
19234,0
19235,0
19236,0
19237,0
19238,0
19239,0
19240,1
19241,0
19242,0
19243,0
19244,0
19245,1
19246,0
19247,0
19248,0
19249,0
19250,0
19251,1
19252,1
19253,1
19254,0
19255,0
19256,0
19257,0
19258,0
19259,0
19260,0
19261,0
19262,0
19263,0
19264,0
19265,0
19266,0
19267,0
19268,0
19269,0
19270,1
19271,0
19272,0
19273,0
19274,1
19275,0
19276,1
19277,1
19278,1
19279,0
19280,1
19281,0
19282,0
19283,0
19284,0
19285,0
19286,0
19287,0
19288,1
19289,0
19290,1
19291,0
19292,0
19293,0
19294,0
19295,0
19296,1
19297,0
19298,1
19299,0
19300,0
19301,0
19302,0
19303,0
19304,0
19305,1
19306,1
19307,0
19308,0
19309,0
19310,0
19311,0
19312,0
19313,0
19314,0
19315,0
19316,0
19317,0
19318,1
19319,0
19320,0
19321,1
19322,0
19323,0
19324,1
19325,1
19326,0
19327,0
19328,0
19329,0
19330,0
19331,0
19332,0
19333,0
19334,0
19335,0
19336,1
19337,0
19338,0
19339,0
19340,0
19341,0
19342,0
19343,0
19344,0
19345,0
19346,0
19347,0
19348,0
19349,0
19350,0
19351,0
19352,0
19353,0
19354,0
19355,1
19356,0
19357,0
19358,0
19359,1
19360,0
19361,0
19362,1
19363,0
19364,0
19365,0
19366,0
19367,1
19368,1
19369,0
19370,0
19371,0
19372,0
19373,0
19374,0
19375,0
19376,0
19377,0
19378,1
19379,0
19380,0
19381,0
19382,0
19383,0
19384,0
19385,0
19386,0
19387,0
19388,0
19389,0
19390,0
19391,0
19392,0
19393,1
19394,0
19395,0
19396,0
19397,0
19398,0
19399,0
19400,0
19401,0
19402,1
19403,1
19404,0
19405,0
19406,0
19407,0
19408,0
19409,0
19410,1
19411,0
19412,0
19413,0
19414,0
19415,0
19416,1
19417,0
19418,0
19419,1
19420,0
19421,0
19422,0
19423,0
19424,0
19425,0
19426,0
19427,0
19428,0
19429,1
19430,0
19431,0
19432,0
19433,0
19434,1
19435,1
19436,0
19437,0
19438,0
19439,0
19440,0
19441,1
19442,0
19443,1
19444,1
19445,0
19446,0
19447,0
19448,0
19449,0
19450,0
19451,0
19452,0
19453,0
19454,0
19455,0
19456,1
19457,0
19458,0
19459,0
19460,0
19461,0
19462,0
19463,0
19464,0
19465,0
19466,0
19467,0
19468,0
19469,0
19470,0
19471,0
19472,1
19473,1
19474,0
19475,1
19476,0
19477,0
19478,1
19479,0
19480,0
19481,0
19482,1
19483,1
19484,1
19485,1
19486,0
19487,0
19488,0
19489,0
19490,1
19491,1
19492,0
19493,1
19494,1
19495,0
19496,0
19497,0
19498,1
19499,0
19500,0
19501,0
19502,0
19503,0
19504,1
19505,0
19506,0
19507,0
19508,0
19509,0
19510,0
19511,1
19512,0
19513,0
19514,0
19515,0
19516,0
19517,0
19518,0
19519,0
19520,0
19521,0
19522,0
19523,0
19524,0
19525,1
19526,0
19527,0
19528,0
19529,0
19530,0
19531,0
19532,1
19533,0
19534,0
19535,0
19536,0
19537,0
19538,0
19539,0
19540,0
19541,0
19542,0
19543,0
19544,1
19545,0
19546,1
19547,0
19548,0
19549,0
19550,1
19551,0
19552,1
19553,0
19554,0
19555,0
19556,0
19557,0
19558,0
19559,0
19560,0
19561,0
19562,0
19563,0
19564,0
19565,1
19566,0
19567,0
19568,0
19569,0
19570,0
19571,0
19572,0
19573,1
19574,1
19575,1
19576,0
19577,0
19578,0
19579,0
19580,0
19581,0
19582,0
19583,1
19584,0
19585,0
19586,0
19587,0
19588,1
19589,0
19590,0
19591,1
19592,0
19593,0
19594,0
19595,1
19596,1
19597,0
19598,0
19599,1
19600,0
19601,0
19602,0
19603,0
19604,0
19605,0
19606,0
19607,0
19608,0
19609,0
19610,0
19611,0
19612,0
19613,0
19614,1
19615,0
19616,0
19617,0
19618,0
19619,0
19620,0
19621,0
19622,0
19623,1
19624,1
19625,0
19626,0
19627,0
19628,0
19629,0
19630,1
19631,0
19632,0
19633,0
19634,0
19635,0
19636,1
19637,0
19638,1
19639,0
19640,1
19641,0
19642,0
19643,0
19644,0
19645,0
19646,0
19647,0
19648,0
19649,0
19650,0
19651,0
19652,0
19653,1
19654,0
19655,1
19656,0
19657,0
19658,0
19659,0
19660,0
19661,0
19662,0
19663,0
19664,0
19665,0
19666,0
19667,0
19668,0
19669,0
19670,1
19671,0
19672,0
19673,0
19674,1
19675,0
19676,0
19677,0
19678,0
19679,0
19680,0
19681,1
19682,0
19683,0
19684,0
19685,0
19686,0
19687,1
19688,0
19689,0
19690,1
19691,0
19692,1
19693,0
19694,0
19695,0
19696,1
19697,1
19698,0
19699,1
19700,1
19701,0
19702,0
19703,0
19704,1
19705,0
19706,0
19707,0
19708,1
19709,0
19710,0
19711,0
19712,0
19713,1
19714,0
19715,0
19716,0
19717,0
19718,0
19719,0
19720,0
19721,0
19722,0
19723,0
19724,0
19725,1
19726,0
19727,0
19728,0
19729,0
19730,0
19731,0
19732,0
19733,0
19734,0
19735,1
19736,0
19737,0
19738,0
19739,0
19740,0
19741,1
19742,0
19743,0
19744,1
19745,0
19746,0
19747,1
19748,0
19749,1
19750,0
19751,0
19752,1
19753,0
19754,0
19755,0
19756,0
19757,0
19758,0
19759,0
19760,0
19761,0
19762,1
19763,0
19764,0
19765,0
19766,0
19767,0
19768,1
19769,1
19770,0
19771,0
19772,1
19773,0
19774,0
19775,0
19776,0
19777,0
19778,1
19779,0
19780,1
19781,1
19782,0
19783,0
19784,0
19785,0
19786,0
19787,1
19788,0
19789,0
19790,0
19791,1
19792,0
19793,0
19794,1
19795,0
19796,0
19797,0
19798,0
19799,0
19800,0
19801,1
19802,0
19803,0
19804,0
19805,0
19806,0
19807,0
19808,0
19809,0
19810,0
19811,1
19812,0
19813,0
19814,0
19815,0
19816,1
19817,1
19818,0
19819,0
19820,0
19821,0
19822,0
19823,1
19824,0
19825,0
19826,0
19827,0
19828,0
19829,0
19830,0
19831,0
19832,1
19833,0
19834,0
19835,0
19836,0
19837,0
19838,0
19839,1
19840,0
19841,0
19842,0
19843,0
19844,0
19845,0
19846,0
19847,0
19848,0
19849,0
19850,0
19851,0
19852,0
19853,0
19854,0
19855,0
19856,0
19857,0
19858,0
19859,0
19860,0
19861,0
19862,0
19863,0
19864,0
19865,0
19866,0
19867,1
19868,0
19869,0
19870,0
19871,1
19872,0
19873,0
19874,0
19875,0
19876,0
19877,0
19878,0
19879,0
19880,0
19881,0
19882,1
19883,0
19884,0
19885,0
19886,0
19887,0
19888,0
19889,0
19890,0
19891,0
19892,0
19893,0
19894,0
19895,0
19896,0
19897,1
19898,0
19899,0
19900,0
19901,0
19902,0
19903,0
19904,0
19905,0
19906,0
19907,0
19908,0
19909,0
19910,1
19911,0
19912,0
19913,0
19914,1
19915,0
19916,0
19917,0
19918,0
19919,0
19920,0
19921,0
19922,0
19923,0
19924,0
19925,0
19926,0
19927,1
19928,0
19929,0
19930,0
19931,0
19932,1
19933,1
19934,0
19935,0
19936,0
19937,0
19938,0
19939,0
19940,0
19941,1
19942,1
19943,0
19944,0
19945,0
19946,0
19947,0
19948,0
19949,0
19950,0
19951,0
19952,1
19953,0
19954,0
19955,0
19956,0
19957,0
19958,0
19959,0
19960,0
19961,0
19962,1
19963,0
19964,0
19965,0
19966,0
19967,0
19968,0
19969,1
19970,0
19971,0
19972,0
19973,1
19974,0
19975,0
19976,0
19977,0
19978,0
19979,0
19980,0
19981,0
19982,0
19983,1
19984,0
19985,0
19986,0
19987,0
19988,1
19989,0
19990,0
19991,0
19992,0
19993,0
19994,0
19995,0
19996,1
19997,0
19998,0
19999,0
20000,0
20001,0
20002,0
20003,1
20004,0
20005,1
20006,0
20007,0
20008,0
20009,0
20010,0
20011,1
20012,0
20013,1
20014,0
20015,0
20016,0
20017,0
20018,0
20019,0
20020,0
20021,0
20022,0
20023,0
20024,0
20025,1
20026,1
20027,0
20028,0
20029,0
20030,0
20031,0
20032,0
20033,1
20034,1
20035,0
20036,0
20037,0
20038,1
20039,0
20040,0
20041,0
20042,0
20043,0
20044,0
20045,0
20046,0
20047,0
20048,0
20049,0
20050,0
20051,0
20052,0
20053,0
20054,0
20055,0
20056,1
20057,1
20058,0
20059,0
20060,0
20061,1
20062,0
20063,0
20064,0
20065,0
20066,0
20067,1
20068,0
20069,0
20070,0
20071,0
20072,0
20073,1
20074,0
20075,0
20076,0
20077,0
20078,0
20079,0
20080,0
20081,0
20082,0
20083,0
20084,0
20085,0
20086,0
20087,0
20088,0
20089,0
20090,0
20091,0
20092,0
20093,0
20094,0
20095,0
20096,1
20097,0
20098,0
20099,0
20100,0
20101,0
20102,0
20103,0
20104,0
20105,0
20106,0
20107,0
20108,1
20109,1
20110,0
20111,1
20112,1
20113,0
20114,0
20115,0
20116,1
20117,1
20118,0
20119,0
20120,1
20121,0
20122,0
20123,0
20124,0
20125,1
20126,0
20127,0
20128,0
20129,0
20130,0
20131,1
20132,0
20133,0
20134,0
20135,0
20136,1
20137,0
20138,0
20139,0
20140,1
20141,0
20142,0
20143,0
20144,0
20145,0
20146,0
20147,0
20148,0
20149,1
20150,0
20151,0
20152,1
20153,0
20154,0
20155,0
20156,0
20157,0
20158,1
20159,0
20160,0
20161,0
20162,0
20163,0
20164,0
20165,1
20166,0
20167,0
20168,0
20169,0
20170,0
20171,0
20172,1
20173,0
20174,0
20175,0
20176,0
20177,0
20178,0
20179,0
20180,1
20181,0
20182,0
20183,0
20184,0
20185,0
20186,0
20187,0
20188,1
20189,0
20190,1
20191,0
20192,1
20193,0
20194,0
20195,0
20196,0
20197,0
20198,0
20199,0
20200,0
20201,0
20202,0
20203,0
20204,0
20205,1
20206,0
20207,0
20208,0
20209,0
20210,0
20211,0
20212,0
20213,0
20214,0
20215,0
20216,0
20217,0
20218,0
20219,0
20220,0
20221,0
20222,0
20223,0
20224,1
20225,0
20226,0
20227,0
20228,0
20229,0
20230,0
20231,0
20232,0
20233,0
20234,0
20235,0
20236,0
20237,1
20238,1
20239,0
20240,0
20241,0
20242,1
20243,0
20244,0
20245,0
20246,1
20247,1
20248,1
20249,0
20250,0
20251,0
20252,0
20253,0
20254,0
20255,0
20256,0
20257,0
20258,0
20259,0
20260,0
20261,0
20262,0
20263,1
20264,0
20265,0
20266,0
20267,0
20268,0
20269,0
20270,0
20271,0
20272,0
20273,0
20274,0
20275,0
20276,0
20277,1
20278,0
20279,0
20280,1
20281,0
20282,1
20283,0
20284,0
20285,0
20286,0
20287,0
20288,0
20289,0
20290,0
20291,0
20292,0
20293,0
20294,0
20295,1
20296,0
20297,0
20298,1
20299,0
20300,0
20301,1
20302,0
20303,0
20304,0
20305,0
20306,0
20307,0
20308,0
20309,0
20310,0
20311,0
20312,0
20313,0
20314,0
20315,0
20316,0
20317,0
20318,0
20319,0
20320,0
20321,0
20322,0
20323,0
20324,0
20325,0
20326,0
20327,0
20328,0
20329,1
20330,1
20331,0
20332,0
20333,0
20334,0
20335,0
20336,1
20337,0
20338,0
20339,0
20340,0
20341,0
20342,0
20343,0
20344,0
20345,0
20346,0
20347,0
20348,0
20349,0
20350,0
20351,0
20352,0
20353,1
20354,1
20355,0
20356,0
20357,0
20358,0
20359,0
20360,0
20361,0
20362,0
20363,1
20364,1
20365,0
20366,0
20367,0
20368,1
20369,0
20370,0
20371,0
20372,0
20373,0
20374,1
20375,0
20376,0
20377,0
20378,0
20379,0
20380,0
20381,0
20382,0
20383,0
20384,0
20385,0
20386,0
20387,1
20388,1
20389,0
20390,0
20391,0
20392,0
20393,0
20394,0
20395,0
20396,0
20397,0
20398,0
20399,0
20400,0
20401,0
20402,0
20403,0
20404,0
20405,0
20406,0
20407,0
20408,0
20409,0
20410,0
20411,0
20412,0
20413,0
20414,0
20415,0
20416,0
20417,0
20418,0
20419,0
20420,0
20421,0
20422,0
20423,0
20424,0
20425,1
20426,0
20427,1
20428,0
20429,0
20430,0
20431,0
20432,0
20433,0
20434,0
20435,0
20436,0
20437,0
20438,0
20439,0
20440,0
20441,0
20442,0
20443,0
20444,0
20445,0
20446,0
20447,0
20448,0
20449,0
20450,0
20451,0
20452,0
20453,1
20454,0
20455,0
20456,0
20457,1
20458,0
20459,0
20460,1
20461,0
20462,0
20463,0
20464,0
20465,0
20466,0
20467,0
20468,0
20469,0
20470,0
20471,1
20472,0
20473,0
20474,1
20475,0
20476,0
20477,0
20478,0
20479,0
20480,0
20481,0
20482,1
20483,0
20484,0
20485,0
20486,0
20487,0
20488,0
20489,0
20490,0
20491,1
20492,0
20493,1
20494,1
20495,0
20496,0
20497,1
20498,0
20499,0
20500,0
20501,0
20502,0
20503,0
20504,0
20505,0
20506,0
20507,0
20508,0
20509,0
20510,0
20511,0
20512,0
20513,0
20514,0
20515,0
20516,1
20517,0
20518,0
20519,0
20520,0
20521,0
20522,1
20523,0
20524,0
20525,0
20526,0
20527,1
20528,0
20529,0
20530,0
20531,0
20532,0
20533,0
20534,1
20535,1
20536,0
20537,0
20538,0
20539,0
20540,0
20541,0
20542,0
20543,1
20544,0
20545,1
20546,0
20547,0
20548,0
20549,0
20550,0
20551,0
20552,0
20553,0
20554,0
20555,0
20556,0
20557,0
20558,0
20559,0
20560,0
20561,0
20562,0
20563,1
20564,1
20565,0
20566,0
20567,0
20568,0
20569,0
20570,1
20571,0
20572,0
20573,0
20574,0
20575,1
20576,0
20577,0
20578,0
20579,1
20580,0
20581,1
20582,0
20583,0
20584,0
20585,0
20586,0
20587,0
20588,1
20589,0
20590,0
20591,0
20592,0
20593,1
20594,1
20595,0
20596,0
20597,0
20598,0
20599,1
20600,0
20601,0
20602,0
20603,0
20604,0
20605,0
20606,0
20607,0
20608,0
20609,0
20610,0
20611,0
20612,1
20613,0
20614,0
20615,0
20616,0
20617,0
20618,1
20619,0
20620,0
20621,0
20622,0
20623,0
20624,1
20625,1
20626,0
20627,0
20628,0
20629,1
20630,1
20631,0
20632,0
20633,0
20634,0
20635,0
20636,0
20637,0
20638,0
20639,0
20640,1
20641,0
20642,0
20643,0
20644,0
20645,0
20646,1
20647,0
20648,0
20649,0
20650,0
20651,0
20652,1
20653,0
20654,1
20655,0
20656,0
20657,0
20658,0
20659,0
20660,0
20661,0
20662,0
20663,0
20664,0
20665,0
20666,1
20667,1
20668,0
20669,0
20670,0
20671,0
20672,1
20673,1
20674,0
20675,0
20676,0
20677,0
20678,0
20679,0
20680,0
20681,0
20682,0
20683,1
20684,0
20685,0
20686,0
20687,0
20688,0
20689,0
20690,0
20691,0
20692,1
20693,0
20694,0
20695,0
20696,0
20697,0
20698,0
20699,0
20700,0
20701,0
20702,0
20703,1
20704,0
20705,0
20706,0
20707,0
20708,0
20709,1
20710,0
20711,0
20712,0
20713,0
20714,0
20715,0
20716,1
20717,1
20718,0
20719,0
20720,0
20721,0
20722,0
20723,1
20724,1
20725,0
20726,0
20727,0
20728,0
20729,0
20730,0
20731,1
20732,0
20733,1
20734,0
20735,1
20736,0
20737,0
20738,0
20739,0
20740,0
20741,0
20742,0
20743,0
20744,0
20745,0
20746,0
20747,0
20748,0
20749,0
20750,0
20751,0
20752,0
20753,0
20754,0
20755,0
20756,1
20757,0
20758,0
20759,1
20760,0
20761,0
20762,0
20763,0
20764,0
20765,1
20766,0
20767,0
20768,0
20769,0
20770,0
20771,0
20772,0
20773,1
20774,0
20775,0
20776,0
20777,0
20778,1
20779,0
20780,0
20781,0
20782,1
20783,0
20784,0
20785,0
20786,0
20787,0
20788,0
20789,0
20790,0
20791,1
20792,1
20793,0
20794,0
20795,0
20796,0
20797,0
20798,0
20799,0
20800,0
20801,0
20802,1
20803,0
20804,1
20805,0
20806,0
20807,1
20808,1
20809,0
20810,0
20811,0
20812,0
20813,1
20814,1
20815,0
20816,0
20817,0
20818,0
20819,0
20820,0
20821,0
20822,0
20823,0
20824,0
20825,0
20826,0
20827,0
20828,0
20829,1
20830,1
20831,1
20832,1
20833,0
20834,0
20835,0
20836,0
20837,0
20838,0
20839,0
20840,0
20841,0
20842,0
20843,0
20844,0
20845,0
20846,0
20847,0
20848,0
20849,0
20850,0
20851,0
20852,0
20853,0
20854,0
20855,1
20856,0
20857,0
20858,0
20859,1
20860,1
20861,0
20862,0
20863,0
20864,0
20865,0
20866,0
20867,0
20868,0
20869,0
20870,0
20871,0
20872,0
20873,0
20874,1
20875,1
20876,0
20877,1
20878,0
20879,0
20880,0
20881,0
20882,0
20883,0
20884,0
20885,0
20886,0
20887,0
20888,0
20889,0
20890,1
20891,1
20892,1
20893,0
20894,0
20895,0
20896,1
20897,0
20898,0
20899,0
20900,0
20901,0
20902,0
20903,0
20904,0
20905,0
20906,0
20907,0
20908,0
20909,0
20910,1
20911,0
20912,1
20913,0
20914,0
20915,0
20916,0
20917,0
20918,0
20919,1
20920,1
20921,0
20922,0
20923,1
20924,0
20925,0
20926,0
20927,0
20928,0
20929,0
20930,0
20931,0
20932,0
20933,0
20934,0
20935,0
20936,0
20937,0
20938,0
20939,0
20940,0
20941,0
20942,0
20943,0
20944,0
20945,0
20946,0
20947,0
20948,0
20949,0
20950,0
20951,0
20952,0
20953,0
20954,0
20955,0
20956,0
20957,0
20958,0
20959,0
20960,0
20961,1
20962,0
20963,1
20964,0
20965,0
20966,0
20967,0
20968,0
20969,0
20970,1
20971,1
20972,0
20973,1
20974,1
20975,1
20976,0
20977,0
20978,0
20979,1
20980,0
20981,1
20982,0
20983,0
20984,0
20985,1
20986,0
20987,0
20988,0
20989,1
20990,0
20991,0
20992,0
20993,0
20994,0
20995,0
20996,0
20997,0
20998,0
20999,0
21000,0
21001,0
21002,0
21003,0
21004,0
21005,0
21006,0
21007,0
21008,0
21009,0
21010,0
21011,1
21012,0
21013,0
21014,1
21015,0
21016,0
21017,0
21018,0
21019,0
21020,0
21021,0
21022,1
21023,0
21024,0
21025,0
21026,0
21027,0
21028,0
21029,1
21030,0
21031,0
21032,0
21033,0
21034,0
21035,0
21036,0
21037,0
21038,0
21039,0
21040,0
21041,0
21042,1
21043,0
21044,0
21045,0
21046,0
21047,0
21048,0
21049,0
21050,1
21051,0
21052,0
21053,0
21054,1
21055,1
21056,0
21057,0
21058,1
21059,0
21060,0
21061,1
21062,0
21063,0
21064,0
21065,1
21066,0
21067,0
21068,0
21069,0
21070,0
21071,1
21072,0
21073,0
21074,0
21075,1
21076,0
21077,0
21078,0
21079,0
21080,0
21081,0
21082,0
21083,0
21084,0
21085,1
21086,0
21087,0
21088,0
21089,0
21090,0
21091,1
21092,0
21093,0
21094,0
21095,0
21096,0
21097,0
21098,1
21099,0
21100,0
21101,0
21102,0
21103,0
21104,0
21105,0
21106,0
21107,1
21108,1
21109,0
21110,0
21111,0
21112,0
21113,0
21114,0
21115,0
21116,0
21117,0
21118,0
21119,0
21120,0
21121,0
21122,0
21123,0
21124,0
21125,0
21126,0
21127,0
21128,0
21129,0
21130,0
21131,0
21132,0
21133,0
21134,0
21135,1
21136,0
21137,1
21138,0
21139,1
21140,1
21141,0
21142,0
21143,0
21144,1
21145,0
21146,0
21147,0
21148,0
21149,0
21150,0
21151,0
21152,1
21153,0
21154,0
21155,0
21156,0
21157,0
21158,0
21159,1
21160,1
21161,1
21162,0
21163,0
21164,0
21165,0
21166,0
21167,1
21168,0
21169,0
21170,1
21171,0
21172,0
21173,1
21174,0
21175,0
21176,0
21177,0
21178,0
21179,1
21180,0
21181,0
21182,0
21183,0
21184,0
21185,0
21186,0
21187,0
21188,0
21189,1
21190,0
21191,0
21192,0
21193,0
21194,0
21195,0
21196,0
21197,0
21198,1
21199,0
21200,0
21201,0
21202,0
21203,0
21204,0
21205,0
21206,1
21207,0
21208,0
21209,0
21210,0
21211,0
21212,0
21213,0
21214,1
21215,0
21216,0
21217,0
21218,0
21219,0
21220,0
21221,0
21222,0
21223,0
21224,0
21225,0
21226,0
21227,0
21228,0
21229,1
21230,0
21231,0
21232,0
21233,1
21234,0
21235,0
21236,0
21237,0
21238,0
21239,0
21240,1
21241,0
21242,1
21243,0
21244,0
21245,1
21246,0
21247,0
21248,0
21249,0
21250,0
21251,0
21252,0
21253,0
21254,0
21255,0
21256,0
21257,0
21258,0
21259,0
21260,1
21261,0
21262,0
21263,0
21264,0
21265,1
21266,1
21267,0
21268,0
21269,1
21270,0
21271,0
21272,0
21273,0
21274,0
21275,0
21276,0
21277,0
21278,0
21279,1
21280,1
21281,0
21282,1
21283,1
21284,0
21285,0
21286,0
21287,0
21288,1
21289,0
21290,0
21291,0
21292,0
21293,0
21294,1
21295,1
21296,0
21297,0
21298,0
21299,0
21300,0
21301,0
21302,0
21303,1
21304,1
21305,0
21306,0
21307,0
21308,1
21309,1
21310,0
21311,0
21312,0
21313,0
21314,0
21315,0
21316,0
21317,0
21318,0
21319,0
21320,0
21321,1
21322,0
21323,0
21324,0
21325,0
21326,0
21327,0
21328,0
21329,0
21330,0
21331,0
21332,0
21333,0
21334,0
21335,0
21336,1
21337,0
21338,0
21339,1
21340,0
21341,0
21342,0
21343,1
21344,0
21345,0
21346,0
21347,0
21348,0
21349,0
21350,0
21351,0
21352,0
21353,0
21354,0
21355,1
21356,1
21357,0
21358,0
21359,0
21360,0
21361,0
21362,0
21363,0
21364,0
21365,0
21366,0
21367,0
21368,1
21369,1
21370,0
21371,0
21372,1
21373,0
21374,1
21375,1
21376,0
21377,1
21378,0
21379,1
21380,0
21381,0
21382,0
21383,0
21384,0
21385,1
21386,0
21387,1
21388,0
21389,0
21390,0
21391,0
21392,1
21393,0
21394,0
21395,0
21396,0
21397,0
21398,1
21399,0
21400,0
21401,0
21402,0
21403,0
21404,0
21405,0
21406,0
21407,0
21408,0
21409,0
21410,0
21411,0
21412,1
21413,1
21414,0
21415,0
21416,0
21417,0
21418,1
21419,0
21420,0
21421,0
21422,1
21423,0
21424,1
21425,1
21426,0
21427,0
21428,1
21429,0
21430,0
21431,0
21432,0
21433,0
21434,0
21435,0
21436,0
21437,0
21438,0
21439,0
21440,0
21441,0
21442,0
21443,0
21444,0
21445,0
21446,1
21447,0
21448,0
21449,0
21450,0
21451,0
21452,0
21453,0
21454,1
21455,1
21456,0
21457,0
21458,0
21459,0
21460,1
21461,0
21462,0
21463,0
21464,0
21465,1
21466,0
21467,1
21468,0
21469,0
21470,0
21471,0
21472,1
21473,0
21474,1
21475,0
21476,1
21477,1
21478,1
21479,0
21480,0
21481,1
21482,0
21483,0
21484,0
21485,0
21486,1
21487,0
21488,0
21489,0
21490,0
21491,0
21492,0
21493,0
21494,1
21495,0
21496,0
21497,0
21498,0
21499,0
21500,0
21501,0
21502,0
21503,0
21504,0
21505,0
21506,0
21507,0
21508,0
21509,0
21510,0
21511,0
21512,0
21513,0
21514,0
21515,0
21516,0
21517,0
21518,0
21519,0
21520,0
21521,0
21522,1
21523,0
21524,1
21525,0
21526,0
21527,0
21528,1
21529,0
21530,0
21531,0
21532,0
21533,1
21534,1
21535,0
21536,0
21537,0
21538,0
21539,0
21540,0
21541,0
21542,0
21543,0
21544,0
21545,0
21546,0
21547,0
21548,0
21549,1
21550,0
21551,0
21552,0
21553,0
21554,1
21555,0
21556,0
21557,0
21558,0
21559,0
21560,0
21561,0
21562,0
21563,1
21564,0
21565,0
21566,0
21567,0
21568,0
21569,0
21570,0
21571,1
21572,0
21573,0
21574,0
21575,0
21576,1
21577,0
21578,0
21579,0
21580,0
21581,1
21582,0
21583,0
21584,0
21585,0
21586,0
21587,1
21588,0
21589,1
21590,1
21591,0
21592,0
21593,0
21594,0
21595,0
21596,0
21597,1
21598,0
21599,0
21600,0
21601,0
21602,0
21603,1
21604,0
21605,0
21606,0
21607,0
21608,1
21609,1
21610,0
21611,0
21612,0
21613,0
21614,0
21615,0
21616,0
21617,0
21618,1
21619,1
21620,0
21621,0
21622,1
21623,0
21624,0
21625,0
21626,0
21627,0
21628,0
21629,0
21630,0
21631,0
21632,0
21633,0
21634,1
21635,0
21636,0
21637,0
21638,0
21639,0
21640,0
21641,0
21642,0
21643,0
21644,0
21645,1
21646,0
21647,1
21648,0
21649,1
21650,0
21651,0
21652,0
21653,0
21654,1
21655,0
21656,0
21657,0
21658,1
21659,1
21660,1
21661,0
21662,1
21663,0
21664,0
21665,0
21666,0
21667,1
21668,0
21669,0
21670,1
21671,0
21672,1
21673,1
21674,0
21675,0
21676,0
21677,0
21678,0
21679,1
21680,0
21681,0
21682,0
21683,0
21684,0
21685,0
21686,0
21687,0
21688,0
21689,0
21690,0
21691,0
21692,0
21693,0
21694,0
21695,0
21696,0
21697,0
21698,0
21699,0
21700,0
21701,1
21702,0
21703,0
21704,0
21705,0
21706,0
21707,0
21708,0
21709,0
21710,0
21711,0
21712,0
21713,0
21714,0
21715,0
21716,0
21717,0
21718,0
21719,0
21720,0
21721,0
21722,0
21723,0
21724,0
21725,0
21726,1
21727,0
21728,0
21729,0
21730,0
21731,1
21732,0
21733,0
21734,0
21735,0
21736,1
21737,0
21738,0
21739,0
21740,1
21741,0
21742,0
21743,0
21744,0
21745,0
21746,0
21747,1
21748,0
21749,0
21750,0
21751,1
21752,0
21753,1
21754,0
21755,0
21756,0
21757,0
21758,0
21759,1
21760,0
21761,0
21762,0
21763,0
21764,0
21765,0
21766,1
21767,1
21768,0
21769,0
21770,0
21771,0
21772,0
21773,0
21774,0
21775,0
21776,0
21777,0
21778,0
21779,0
21780,0
21781,0
21782,0
21783,1
21784,0
21785,0
21786,0
21787,0
21788,0
21789,0
21790,0
21791,1
21792,0
21793,0
21794,0
21795,0
21796,0
21797,0
21798,1
21799,0
21800,0
21801,1
21802,0
21803,0
21804,0
21805,0
21806,0
21807,0
21808,0
21809,0
21810,0
21811,0
21812,0
21813,1
21814,0
21815,0
21816,0
21817,0
21818,0
21819,1
21820,1
21821,0
21822,0
21823,0
21824,0
21825,0
21826,0
21827,0
21828,0
21829,0
21830,1
21831,0
21832,0
21833,0
21834,0
21835,0
21836,0
21837,0
21838,0
21839,0
21840,0
21841,1
21842,0
21843,0
21844,0
21845,0
21846,0
21847,0
21848,0
21849,0
21850,0
21851,1
21852,1
21853,0
21854,1
21855,0
21856,0
21857,1
21858,0
21859,0
21860,1
21861,0
21862,0
21863,0
21864,0
21865,0
21866,0
21867,0
21868,0
21869,0
21870,0
21871,1
21872,1
21873,1
21874,0
21875,0
21876,1
21877,0
21878,0
21879,0
21880,0
21881,0
21882,0
21883,0
21884,0
21885,0
21886,0
21887,0
21888,0
21889,1
21890,0
21891,1
21892,0
21893,0
21894,0
21895,0
21896,1
21897,0
21898,0
21899,0
21900,1
21901,0
21902,0
21903,1
21904,0
21905,0
21906,0
21907,0
21908,0
21909,0
21910,1
21911,0
21912,0
21913,0
21914,0
21915,0
21916,0
21917,0
21918,1
21919,1
21920,0
21921,0
21922,0
21923,0
21924,0
21925,0
21926,0
21927,0
21928,1
21929,0
21930,0
21931,0
21932,0
21933,0
21934,0
21935,0
21936,0
21937,0
21938,0
21939,0
21940,0
21941,0
21942,0
21943,0
21944,0
21945,1
21946,0
21947,0
21948,0
21949,0
21950,0
21951,0
21952,0
21953,0
21954,0
21955,0
21956,0
21957,0
21958,0
21959,0
21960,0
21961,1
21962,0
21963,0
21964,0
21965,0
21966,0
21967,0
21968,1
21969,1
21970,0
21971,0
21972,0
21973,0
21974,0
21975,0
21976,0
21977,0
21978,0
21979,0
21980,0
21981,0
21982,0
21983,1
21984,0
21985,0
21986,0
21987,0
21988,0
21989,1
21990,0
21991,0
21992,0
21993,0
21994,0
21995,0
21996,0
21997,0
21998,0
21999,0
22000,0
22001,0
22002,0
22003,0
22004,0
22005,0
22006,0
22007,0
22008,0
22009,0
22010,0
22011,1
22012,0
22013,0
22014,0
22015,1
22016,0
22017,0
22018,0
22019,0
22020,1
22021,0
22022,0
22023,0
22024,1
22025,0
22026,0
22027,0
22028,0
22029,0
22030,0
22031,0
22032,0
22033,0
22034,0
22035,1
22036,1
22037,0
22038,0
22039,0
22040,0
22041,0
22042,0
22043,0
22044,0
22045,0
22046,0
22047,0
22048,0
22049,0
22050,0
22051,0
22052,0
22053,0
22054,0
22055,0
22056,0
22057,0
22058,0
22059,0
22060,0
22061,0
22062,0
22063,0
22064,0
22065,1
22066,0
22067,0
22068,1
22069,0
22070,0
22071,0
22072,0
22073,0
22074,0
22075,0
22076,0
22077,0
22078,0
22079,1
22080,0
22081,0
22082,1
22083,1
22084,1
22085,0
22086,0
22087,0
22088,0
22089,0
22090,1
22091,0
22092,0
22093,0
22094,0
22095,0
22096,0
22097,1
22098,0
22099,1
22100,0
22101,0
22102,0
22103,1
22104,0
22105,0
22106,0
22107,0
22108,0
22109,0
22110,0
22111,0
22112,0
22113,0
22114,0
22115,1
22116,0
22117,0
22118,0
22119,0
22120,0
22121,0
22122,0
22123,1
22124,1
22125,0
22126,0
22127,0
22128,0
22129,0
22130,0
22131,0
22132,0
22133,0
22134,0
22135,0
22136,0
22137,0
22138,1
22139,0
22140,0
22141,0
22142,0
22143,0
22144,0
22145,0
22146,0
22147,0
22148,0
22149,1
